FocusSector,Region,Market,Symbol,Name,Industry Group,Country,Close,Turnover_USD,Above200DMA,Ret252,yf,profit_margin,roe,revenue_growth,verified,expansion_signal
Aerospace & Defence,Foreign,US,RKLB,Rocket Lab Corp,Aerospace/Defense,United States,84.54000091552734,2844046168.0,True,,RKLB,-0.26872,-0.13549,0.635,NOT-PROFITABLE,True
Aerospace & Defence,Foreign,US,GE,GENERAL ELECTRIC CO,Aerospace/Defense,United States,369.0,1641214447.0,True,,GE,0.17716,0.48231998,0.211,PROFITABLE,True
Aerospace & Defence,Foreign,US,RTX,RTX Corp,Aerospace/Defense,United States,187.9900054931641,1063362889.0,True,,RTX,0.080290005,0.11571,0.087,PROFITABLE,False
Aerospace & Defence,Foreign,US,HWM,Howmet Aerospace Inc.,Aerospace/Defense,United States,268.8699951171875,733960413.0,True,,HWM,0.20225,0.33818,0.191,PROFITABLE,True
Aerospace & Defence,Foreign,US,RDW,Redwire Corp,Aerospace/Defense,United States,10.93000030517578,648974354.0,True,,RDW,-0.809,-0.48749,0.579,NOT-PROFITABLE,True
Aerospace & Defence,Foreign,US,TDG,TransDigm Group INC,Aerospace/Defense,United States,1324.56005859375,499059714.0,True,,TDG,0.21909,,0.183,UNVERIFIED,True
Aerospace & Defence,Foreign,US,GD,GENERAL DYNAMICS CORP,Aerospace/Defense,United States,346.7099914550781,453162689.0,True,,GD,0.08068,0.17974001,0.103,PROFITABLE,True
Aerospace & Defence,Foreign,US,CRS,CARPENTER TECHNOLOGY CORP,Aerospace/Defense,United States,591.780029296875,431615563.0,True,,CRS,0.15818,0.24892999,0.116,PROFITABLE,True
Aerospace & Defence,India,IN,APOLLO,APOLLO MICRO SYSTEMS LTD,Aerospace/Defense,India,424.75,95785899.0,True,118.32433479170912,APOLLO.NS,0.12487,0.1121,0.813,PROFITABLE,True
Aerospace & Defence,India,IN,PARAS,PARAS DEF AND SPCE TECH L,Aerospace/Defense,India,1289.050048828125,62220495.0,True,-22.074109123571727,PARAS.NS,0.18486,0.13137999,0.579,PROFITABLE,True
Aerospace & Defence,India,IN,DATAPATTNS,DATA PATTERNS INDIA LTD,Aerospace/Defense,India,4501.7998046875,49683919.0,True,52.20095105722595,DATAPATTNS.NS,0.29345,0.1673,-0.13,PROFITABLE,True
Aerospace & Defence,India,IN,GRSE,GARDEN REACH SHIP&ENG LTD,Aerospace/Defense,India,2726.199951171875,19846308.0,True,-17.076290601299128,GRSE.NS,0.106809996,0.31791002,0.291,PROFITABLE,True
Aerospace & Defence,India,IN,IDEAFORGE,IDEAFORGE TECHNOLOGY LIMITED,Aerospace/Defense,India,814.1500244140625,14929805.0,True,59.2313795915288,IDEAFORGE.NS,-0.07531,-0.028199999,5.944,NOT-PROFITABLE,True
Aerospace & Defence,India,IN,DCXINDIA,DCX SYSTEMS LIMITED,Aerospace/Defense,India,198.72000122070312,1785961.0,True,-32.41965330037166,DCXINDIA.NS,-0.010369999,-0.0053399997,-0.623,NOT-PROFITABLE,False
Aerospace & Defence,India,IN,UNIMECH,UNIMECH AEROSPACE N MFG L,Aerospace/Defense,India,1171.6500244140625,1462751.0,True,,UNIMECH.NS,0.26314,0.09,0.196,PROFITABLE,True
Aerospace & Defence,India,IN,ROSSTECH,ROSSELL TECHSYS LIMITED,Aerospace/Defense,India,969.4000244140624,1443947.0,True,,ROSSTECH.NS,0.04513,0.15179,0.646,PROFITABLE,True
"Auto, EV & Components",Foreign,US,F,FORD MOTOR CO,Auto & Truck,United States,14.130000114440918,804635468.0,True,,F,-0.03216,-0.14813,0.064,NOT-PROFITABLE,False
"Auto, EV & Components",Foreign,US,GM,General Motors Co,Auto & Truck,United States,78.0999984741211,743701536.0,True,,GM,0.0137600005,0.040149998,-0.009,PROFITABLE,False
"Auto, EV & Components",Foreign,US,BWA,BORGWARNER INC,Auto Parts,United States,68.11000061035156,251248780.0,True,,BWA,0.02525,0.072670005,0.005,PROFITABLE,False
"Auto, EV & Components",Foreign,US,LEA,LEAR CORP,Auto Parts,United States,136.83999633789062,104341575.0,True,,LEA,0.02246,0.12224,0.047,PROFITABLE,False
"Auto, EV & Components",Foreign,US,GNTX,GENTEX CORP,Auto Parts,United States,25.649999618530273,61027145.0,True,,GNTX,0.14752,0.15576,0.171,PROFITABLE,True
"Auto, EV & Components",Foreign,US,HOG,"HARLEY-DAVIDSON, INC.",Auto & Truck,United States,25.190000534057617,49930142.0,True,,HOG,0.053379998,0.07115,-0.118,PROFITABLE,False
"Auto, EV & Components",Foreign,US,DAN,DANA Inc,Auto Parts,United States,28.1299991607666,43781818.0,True,,DAN,0.15118,-0.02795,0.049,NOT-PROFITABLE,False
"Auto, EV & Components",Foreign,US,DORM,"Dorman Products, Inc.",Auto Parts,United States,134.69000244140625,35821735.0,True,,DORM,0.08843,0.13569,0.042,PROFITABLE,False
"Auto, EV & Components",India,IN,OLAELEC,OLA ELECTRIC MOBILITY LTD,Auto & Truck,India,43.7599983215332,74417753.0,True,,OLAELEC.NS,-0.81358004,-0.4316,-0.566,NOT-PROFITABLE,False
"Auto, EV & Components",India,IN,MARUTI,MARUTI SUZUKI INDIA LTD.,Auto & Truck,India,14115.0,54995449.0,False,10.351028066609324,MARUTI.NS,0.08008,0.14434,0.282,PROFITABLE,True
"Auto, EV & Components",India,IN,BAJAJ-AUTO,BAJAJ AUTO LIMITED,Auto & Truck,India,9716.0,39819787.0,True,16.067375462907663,BAJAJ-AUTO.NS,0.16886,0.28046,0.37,PROFITABLE,True
"Auto, EV & Components",India,IN,ATHERENERG,ATHER ENERGY LIMITED,Auto & Truck,India,1140.550048828125,29647694.0,True,255.69938267216355,ATHERENERG.NS,-0.14085001,-0.33740002,0.737,NOT-PROFITABLE,True
"Auto, EV & Components",India,IN,SONACOMS,SONA BLW PRECISION FRGS L,Auto Parts,India,619.9000244140625,9853630.0,True,27.30259962505275,SONACOMS.NS,0.14388,0.106850006,0.454,PROFITABLE,True
"Auto, EV & Components",India,IN,TIINDIA,TUBE INVEST OF INDIA LTD,Auto Parts,India,3029.300048828125,8795884.0,True,3.5198031056742796,TIINDIA.NS,0.028169999,,0.207,UNVERIFIED,True
"Auto, EV & Components",India,IN,BELRISE,BELRISE INDUSTRIES LTD,Auto Parts,India,238.57000732421875,8460155.0,True,133.9609732943511,BELRISE.NS,0.052249998,0.12516,0.121,PROFITABLE,True
"Auto, EV & Components",India,IN,SANSERA,SANSERA ENGINEERING LTD,Auto Parts,India,3196.199951171875,7037258.0,True,140.8409321054126,SANSERA.NS,0.092650004,0.111269996,0.278,PROFITABLE,True
Chemicals & Plastics,Foreign,US,SHW,SHERWIN WILLIAMS CO,Chemical (Specialty),United States,344.07000732421875,780010126.0,True,,SHW,0.1086,0.60723,0.068,PROFITABLE,False
Chemicals & Plastics,Foreign,US,ECL,ECOLAB INC.,Chemical (Specialty),United States,283.6499938964844,502668067.0,True,,ECL,0.12798999,0.22427,0.1,PROFITABLE,True
Chemicals & Plastics,Foreign,US,APD,"Air Products & Chemicals, Inc.",Chemical (Specialty),United States,277.7900085449219,359993257.0,True,,APD,0.16906999,0.12353,0.088,PROFITABLE,False
Chemicals & Plastics,Foreign,US,CTVA,"Corteva, Inc.",Chemical (Specialty),United States,82.62000274658203,317476138.0,True,,CTVA,0.064959995,0.051370002,0.11,PROFITABLE,True
Chemicals & Plastics,Foreign,US,CF,"CF Industries Holdings, Inc.",Chemical (Specialty),United States,105.6999969482422,296081817.0,True,,CF,0.23733999,0.273,0.194,PROFITABLE,True
Chemicals & Plastics,Foreign,US,PPG,PPG INDUSTRIES INC,Chemical (Specialty),United States,123.23999786376952,207456756.0,True,,PPG,0.09832,0.20748,0.067,PROFITABLE,False
Chemicals & Plastics,Foreign,US,IP,INTERNATIONAL PAPER CO /NEW/,Packaging & Container,United States,38.7599983215332,201576755.0,True,,IP,-0.13767,-0.16036,0.134,NOT-PROFITABLE,True
Chemicals & Plastics,Foreign,US,BALL,BALL Corp,Packaging & Container,United States,61.790000915527344,183645257.0,True,,BALL,0.06863,0.16785999,0.163,PROFITABLE,True
Chemicals & Plastics,India,IN,ASIANPAINT,ASIAN PAINTS LIMITED,Chemical (Specialty),India,2635.699951171875,34403123.0,True,15.312596030837543,ASIANPAINT.NS,0.121549994,0.20889999,0.106,PROFITABLE,True
Chemicals & Plastics,India,IN,SOLARINDS,SOLAR INDUSTRIES (I) LTD,Chemical (Basic),India,18696.0,21408507.0,True,10.002353494939983,SOLARINDS.NS,0.17052001,0.31332,0.409,PROFITABLE,True
Chemicals & Plastics,India,IN,PIDILITIND,PIDILITE INDUSTRIES LTD,Chemical (Diversified),India,1592.699951171875,12949608.0,True,-46.12158253928376,PIDILITIND.NS,0.16771999,0.23523001,0.141,PROFITABLE,True
Chemicals & Plastics,India,IN,CHAMBLFERT,CHAMBAL FERTILIZERS LTD,Chemical (Specialty),India,467.9500122070313,3406133.0,True,-15.049463021347286,CHAMBLFERT.NS,0.09394,0.20451,0.137,PROFITABLE,True
Chemicals & Plastics,India,IN,PCBL,PCBL CHEMICAL LIMITED,Chemical (Basic),India,321.1499938964844,3208139.0,True,-17.85394964346071,PCBL.NS,0.02416,0.05125,-0.01,PROFITABLE,False
Chemicals & Plastics,India,IN,ANURAS,ANUPAM RASAYAN INDIA LTD,Chemical (Specialty),India,1264.4000244140625,2997975.0,True,11.548303874200494,ANURAS.NS,0.07192,0.05763,0.275,PROFITABLE,True
Chemicals & Plastics,India,IN,FLUOROCHEM,GUJARAT FLUOROCHEM LTD,Chemical (Specialty),India,3964.0,2790847.0,True,17.160256381578076,FLUOROCHEM.NS,0.11569,0.07547,0.117,PROFITABLE,True
Chemicals & Plastics,India,IN,CARBORUNIV,CARBORUNDUM UNIVERSAL LTD,Chemical (Basic),India,1178.199951171875,2518429.0,True,25.634460066977272,CARBORUNIV.NS,0.0374,0.043670002,0.149,PROFITABLE,True
Electronics & Semiconductors,Foreign,US,MU,MICRON TECHNOLOGY INC,Semiconductor,United States,1132.3299560546875,56720835900.0,True,,MU,0.55906,0.66638,3.457,PROFITABLE,True
Electronics & Semiconductors,Foreign,US,NVDA,NVIDIA CORP,Semiconductor,United States,192.52999877929688,32459242443.0,True,,NVDA,0.62966,1.14288,0.852,PROFITABLE,True
Electronics & Semiconductors,Foreign,US,SNDK,Sandisk Corp,Computers/Peripherals,United States,2090.7099609375,20336482179.0,True,,SNDK,0.34185,0.39297,2.51,PROFITABLE,True
Electronics & Semiconductors,Foreign,US,MRVL,"Marvell Technology, Inc.",Semiconductor,United States,266.7699890136719,15613174385.0,True,,MRVL,0.28986,0.16028,0.276,PROFITABLE,True
Electronics & Semiconductors,Foreign,US,AMD,ADVANCED MICRO DEVICES INC,Semiconductor,United States,521.5800170898438,15464079049.0,True,,AMD,0.13374,0.08063,0.378,PROFITABLE,True
Electronics & Semiconductors,Foreign,US,AAPL,Apple Inc.,Computers/Peripherals,United States,283.7799987792969,15350138470.0,True,,AAPL,0.27152002,1.4147099,0.166,PROFITABLE,True
Electronics & Semiconductors,Foreign,US,INTC,INTEL CORP,Semiconductor,United States,128.32000732421875,15333692114.0,True,,INTC,-0.05904,-0.02911,0.072,NOT-PROFITABLE,False
Electronics & Semiconductors,Foreign,US,AVGO,Broadcom Inc.,Semiconductor,United States,365.0199890136719,14117877951.0,True,,AVGO,0.38848,0.37280998,0.479,PROFITABLE,True
Electronics & Semiconductors,India,IN,NETWEB,NETWEB TECH INDIA LTD,Computers/Peripherals,India,4538.2001953125,131960416.0,True,157.25300482503312,NETWEB.NS,0.09426,0.32834998,0.866,PROFITABLE,True
Electronics & Semiconductors,India,IN,TEJASNET,TEJAS NETWORKS LIMITED,Telecom. Equipment,India,612.5,56906634.0,True,-12.68709907341411,TEJASNET.NS,-0.82381,-0.26822,-0.826,NOT-PROFITABLE,False
Electronics & Semiconductors,India,IN,SYRMA,SYRMA SGS TECHNOLOGY LTD,Electronics (General),India,1396.300048828125,17101277.0,True,175.59460488484845,SYRMA.NS,0.06594,0.14142999,0.584,PROFITABLE,True
Electronics & Semiconductors,India,IN,PREMIERENE,PREMIER ENERGIES LIMITED,Semiconductor,India,1051.0,12716447.0,True,2.197586060814616,PREMIERENE.NS,0.19296,0.42333,0.376,PROFITABLE,True
Electronics & Semiconductors,India,IN,CPPLUS,ADITYA INFOTECH LIMITED,Electronics (General),India,3647.0,12003517.0,True,,CPPLUS.NS,0.08718,0.25425,0.455,PROFITABLE,True
Electronics & Semiconductors,India,IN,KERNEX,KERNEX MICROSYS(I) LTD,Electronics (General),India,2159.89990234375,6593509.0,True,,KERNEX.NS,0.20533001,0.43605998,2.065,PROFITABLE,True
Electronics & Semiconductors,India,IN,AVALON,AVALON TECHNOLOGIES LTD,Electronics (General),India,1801.9000244140625,5639923.0,True,115.65436547651946,AVALON.NS,0.0692,0.16943,0.4,PROFITABLE,True
Electronics & Semiconductors,India,IN,VINDHYATEL,VINDHYA TELELINKS LTD,Telecom. Equipment,India,2078.800048828125,2389709.0,True,22.167376507648378,VINDHYATEL.NS,0.061279997,0.05311,-0.18,PROFITABLE,True
Food Processing,Foreign,US,MDLZ,"Mondelez International, Inc.",Food Processing,United States,60.790000915527344,532823825.0,True,,MDLZ,0.06638,0.101610005,0.082,PROFITABLE,False
Food Processing,Foreign,US,KHC,Kraft Heinz Co,Food Processing,United States,23.700000762939453,322979628.0,True,,KHC,-0.23049,-0.12576,0.008,NOT-PROFITABLE,False
Food Processing,Foreign,US,SJM,J M SMUCKER Co,Food Processing,United States,115.63999938964844,170539667.0,True,,SJM,-0.015319999,-0.02386,0.058,NOT-PROFITABLE,False
Food Processing,Foreign,US,HRL,HORMEL FOODS CORP /DE/,Food Processing,United States,26.510000228881836,104560896.0,True,,HRL,0.03821,0.05831,-0.029,PROFITABLE,False
Food Processing,Foreign,US,SEB,SEABOARD CORP /DE/,Food Processing,United States,4738.080078125,60137708.0,True,,SEB,0.059310004,0.11635,0.036,PROFITABLE,False
Food Processing,Foreign,US,SFD,SMITHFIELD FOODS INC,Food Processing,United States,25.1200008392334,29638437.0,True,,SFD,0.06485,0.14953,0.008,PROFITABLE,False
Food Processing,Foreign,US,JBSS,SANFILIPPO JOHN B & SON INC,Food Processing,United States,87.06999969482422,9538973.0,True,,JBSS,0.057589997,0.18265,0.08,PROFITABLE,False
Food Processing,Foreign,US,MAMA,"Mama's Creations, Inc.",Food Processing,United States,19.940000534057617,9103583.0,True,,MAMA,0.03227,0.14929,0.497,PROFITABLE,True
Food Processing,India,IN,BALRAMCHIN,BALRAMPUR CHINI MILLS LTD,Food Processing,India,554.9500122070312,2797040.0,True,-6.676197860438937,BALRAMCHIN.NS,0.060349997,0.095410004,0.067,PROFITABLE,False
Food Processing,India,IN,KRBL,KRBL LIMITED,Food Processing,India,375.25,1980797.0,True,9.610046242130489,KRBL.NS,0.10627,0.11731,0.058,PROFITABLE,True
Food Processing,India,IN,TRIVENI,TRIVENI ENGG. & INDS. LTD,Food Processing,India,422.5499877929687,1808007.0,True,7.656047845342351,TRIVENI.NS,0.042719997,0.082650006,-0.074,PROFITABLE,True
Food Processing,India,IN,APEX,APEX FROZEN FOODS LIMITED,Food Processing,India,404.0,1282308.0,True,75.1343908562623,APEX.NS,0.03447,,0.145,UNVERIFIED,True
Food Processing,India,IN,SANSTAR,SANSTAR LIMITED,Food Processing,India,121.47000122070312,754643.0,True,33.43952856157708,SANSTAR.NS,0.043909997,0.05092,-0.145,PROFITABLE,True
Food Processing,India,IN,AVADHSUGAR,AVADH SUGAR & ENERGY LIMITED,Food Processing,India,469.9500122070313,600638.0,True,,AVADHSUGAR.NS,0.02128,0.0515,-0.012,PROFITABLE,False
Food Processing,India,IN,DIAMONDYD,PRATAAP SNACKS LIMITED,Food Processing,India,1150.5999755859375,310606.0,True,13.482586831070886,DIAMONDYD.NS,0.00563,0.01398,0.049,PROFITABLE,True
Green Energy & Fuels,Foreign,US,NEE,NEXTERA ENERGY INC,Power,United States,88.55999755859375,997717946.0,True,,NEE,0.29369,0.10325,0.073,PROFITABLE,False
Green Energy & Fuels,Foreign,US,AXP,AMERICAN EXPRESS CO,Oil/Gas (Production and Exploration),United States,340.3599853515625,975729159.0,True,,AXP,0.16305,0.34419,0.116,PROFITABLE,True
Green Energy & Fuels,Foreign,US,COP,CONOCOPHILLIPS,Oil/Gas (Production and Exploration),United States,105.95999908447266,788723957.0,True,,COP,0.12331,0.112840004,-0.053,PROFITABLE,False
Green Energy & Fuels,Foreign,US,AEP,AMERICAN ELECTRIC POWER CO INC,Power,United States,138.69000244140625,684400016.0,True,,AEP,0.16289,0.12585,0.102,PROFITABLE,True
Green Energy & Fuels,Foreign,US,SO,SOUTHERN CO,Power,United States,97.16000366210938,654633549.0,True,,SO,0.14458999,0.109910004,0.08,PROFITABLE,False
Green Energy & Fuels,Foreign,US,DVN,DEVON ENERGY CORP/DE,Oil/Gas (Production and Exploration),United States,42.209999084472656,642399931.0,True,,DVN,0.14172,0.15178001,-0.008,PROFITABLE,False
Green Energy & Fuels,Foreign,US,FANG,"Diamondback Energy, Inc.",Oil/Gas (Production and Exploration),United States,179.91000366210938,525599528.0,True,,FANG,0.01964,0.0047400002,0.042,PROFITABLE,False
Green Energy & Fuels,Foreign,US,EOG,EOG RESOURCES INC,Oil/Gas (Production and Exploration),United States,132.60000610351562,506418951.0,True,,EOG,0.23322001,0.18195,0.156,PROFITABLE,True
Green Energy & Fuels,India,IN,PTC,PTC INC.,Power,India,180.97999572753903,266578358.0,True,6.653304922917447,PTC.NS,0.03611,0.103769995,0.289,PROFITABLE,True
Green Energy & Fuels,India,IN,ADANIPOWER,ADANI POWER LTD,Power,India,223.77000427246097,66355796.0,True,-57.79915053796116,ADANIPOWER.NS,0.23662001,0.20908001,-0.001,PROFITABLE,False
Green Energy & Fuels,India,IN,NTPC,NTPC LTD,Power,India,356.6499938964844,55160895.0,True,6.399158982191455,NTPC.NS,0.14437,0.13695,0.08,PROFITABLE,True
Green Energy & Fuels,India,IN,COALINDIA,COAL INDIA LTD,Coal & Related Energy,India,439.0499877929687,45184977.0,True,12.85181893556755,COALINDIA.NS,0.18465,0.28124002,0.162,PROFITABLE,True
Green Energy & Fuels,India,IN,ADANIGREEN,ADANI GREEN ENERGY LTD,Green & Renewable Energy,India,1492.199951171875,41485700.0,True,57.45488360781978,ADANIGREEN.NS,0.12715,0.07576,0.143,PROFITABLE,True
Green Energy & Fuels,India,IN,ADANIENSOL,ADANI ENERGY SOLUTION LTD,Power,India,1491.4000244140625,34225193.0,True,80.0990301151494,ADANIENSOL.NS,0.08274,0.096599996,0.168,PROFITABLE,True
Green Energy & Fuels,India,IN,NHPC,NHPC LTD,Green & Renewable Energy,India,81.33000183105469,20265998.0,True,-1.1906156683353486,NHPC.NS,0.32421002,0.09021,0.192,PROFITABLE,True
Green Energy & Fuels,India,IN,JPPOWER,JAIPRAKASH POWER VEN. LTD,Power,India,17.670000076293945,15927373.0,True,2.079726293809925,JPPOWER.NS,0.081,0.03603,0.034,PROFITABLE,True
Medical Devices,Foreign,US,EW,Edwards Lifesciences Corp,Healthcare Products,United States,90.77999877929688,416034019.0,True,,EW,0.1739,0.1046,0.167,PROFITABLE,True
Medical Devices,Foreign,US,DXCM,DEXCOM INC,Healthcare Products,United States,70.13999938964844,392351362.0,True,,DXCM,0.19311,0.35624,0.15,PROFITABLE,True
Medical Devices,Foreign,US,BDX,BECTON DICKINSON & CO,Healthcare Products,United States,155.9199981689453,338326972.0,True,,BDX,0.05124,0.06672,0.052,PROFITABLE,False
Medical Devices,Foreign,US,ALGN,ALIGN TECHNOLOGY INC,Healthcare Products,United States,178.42999267578125,177812368.0,True,,ALGN,0.10496,0.10824,0.062,PROFITABLE,False
Medical Devices,Foreign,US,ZBH,"ZIMMER BIOMET HOLDINGS, INC.",Healthcare Products,United States,93.0999984741211,172244257.0,True,,ZBH,0.09052,0.060650002,0.093,PROFITABLE,False
Medical Devices,Foreign,US,MASI,MASIMO CORP,Healthcare Products,United States,179.9499969482422,144129115.0,True,,MASI,0.04896,0.24987,0.085,PROFITABLE,False
Medical Devices,Foreign,US,SOLV,Solventum Corp,Healthcare Products,United States,79.52999877929688,140213499.0,True,,SOLV,0.17332001,0.34794998,-0.03,PROFITABLE,False
Medical Devices,Foreign,US,BAX,BAXTER INTERNATIONAL INC,Healthcare Products,United States,22.040000915527344,135331269.0,True,,BAX,-0.096999995,-0.15010999,0.029,NOT-PROFITABLE,False
Pharma & Bulk Drugs,Foreign,US,LLY,ELI LILLY & Co,Drugs (Pharmaceutical),United States,1208.1199951171875,3285993314.0,True,,LLY,0.34986,1.07459,0.555,PROFITABLE,True
Pharma & Bulk Drugs,Foreign,US,JNJ,JOHNSON & JOHNSON,Drugs (Pharmaceutical),United States,254.66000366210935,1915915454.0,True,,JNJ,0.21482,,0.066,UNVERIFIED,False
Pharma & Bulk Drugs,Foreign,US,ABBV,AbbVie Inc.,Drugs (Biotechnology),United States,253.3500061035156,1292663538.0,True,,ABBV,0.05786,,0.124,UNVERIFIED,True
Pharma & Bulk Drugs,Foreign,US,MRK,"Merck & Co., Inc.",Drugs (Pharmaceutical),United States,128.66000366210938,1277609237.0,True,,MRK,0.13586001,0.18944,0.049,PROFITABLE,False
Pharma & Bulk Drugs,Foreign,US,AMGN,AMGEN INC,Drugs (Biotechnology),United States,358.3299865722656,999752052.0,True,,AMGN,0.20955999,1.01318,0.058,PROFITABLE,False
Pharma & Bulk Drugs,Foreign,US,BMY,BRISTOL MYERS SQUIBB CO,Drugs (Pharmaceutical),United States,57.52000045776367,726166527.0,True,,BMY,0.15006,0.38731998,0.026,PROFITABLE,False
Pharma & Bulk Drugs,Foreign,US,VRTX,VERTEX PHARMACEUTICALS INC / MA,Drugs (Biotechnology),United States,491.3399963378906,669041106.0,True,,VRTX,0.35507,0.24197,0.078,PROFITABLE,False
Pharma & Bulk Drugs,Foreign,US,RVMD,"Revolution Medicines, Inc.",Drugs (Biotechnology),United States,182.0800018310547,443575095.0,True,,RVMD,0.0,-0.76672995,,NOT-PROFITABLE,False
Pharma & Bulk Drugs,India,IN,WOCKPHARMA,WOCKHARDT LIMITED,Drugs (Pharmaceutical),India,1941.4000244140625,49048914.0,True,12.167781930011422,WOCKPHARMA.NS,0.06315,0.04005,0.26,PROFITABLE,True
Pharma & Bulk Drugs,India,IN,SUNPHARMA,SUN PHARMACEUTICAL IND L,Drugs (Pharmaceutical),India,1862.5,40510972.0,True,11.85514547524984,SUNPHARMA.NS,0.19635999,0.1472,0.128,PROFITABLE,True
Pharma & Bulk Drugs,India,IN,LAURUSLABS,LAURUS LABS LIMITED,Drugs (Pharmaceutical),India,1517.4000244140625,25805150.0,True,133.08756135392662,LAURUSLABS.NS,0.13046,0.17743,0.053,PROFITABLE,True
Pharma & Bulk Drugs,India,IN,CIPLA,CIPLA LTD,Drugs (Pharmaceutical),India,1465.4000244140625,20895759.0,True,-2.2871192821610986,CIPLA.NS,0.13939999,0.11736,-0.021,PROFITABLE,False
Pharma & Bulk Drugs,India,IN,AUROPHARMA,AUROBINDO PHARMA LTD,Drugs (Pharmaceutical),India,1578.699951171875,17432014.0,True,43.88443505540893,AUROPHARMA.NS,0.10414,0.09932999,0.056,PROFITABLE,True
Pharma & Bulk Drugs,India,IN,ZYDUSLIFE,ZYDUS LIFESCIENCES LTD,Drugs (Pharmaceutical),India,1112.5999755859375,13442930.0,True,16.246996548589678,ZYDUSLIFE.NS,0.18565,0.18318,0.162,PROFITABLE,True
Pharma & Bulk Drugs,India,IN,GLAND,GLAND PHARMA LIMITED,Drugs (Pharmaceutical),India,2495.0,12500585.0,True,44.77196034903581,GLAND.NS,0.15975,0.10532,0.223,PROFITABLE,True
Pharma & Bulk Drugs,India,IN,GLENMARK,GLENMARK PHARMACEUTICALS,Drugs (Pharmaceutical),India,2204.300048828125,12437751.0,True,34.6795450962071,GLENMARK.NS,0.08019,0.14069,0.143,PROFITABLE,True
Shipbuilding & Marine,Foreign,US,KEX,KIRBY CORP,Shipbuilding & Marine,United States,136.77999877929688,67091170.0,True,,KEX,0.10512,0.10689,0.074,PROFITABLE,False
Shipbuilding & Marine,Foreign,US,MATX,"Matson, Inc.",Shipbuilding & Marine,United States,194.4900054931641,50120699.0,True,,MATX,0.12923999,0.16001,-0.031,PROFITABLE,False
Shipbuilding & Marine,Foreign,US,GNK,GENCO SHIPPING & TRADING LTD,Shipbuilding & Marine,United States,23.56999969482422,7766037.0,True,,GNK,0.04378,0.019,0.606,PROFITABLE,True
Shipbuilding & Marine,India,IN,SCI,SERVICE CORP INTERNATIONAL,Shipbuilding & Marine,India,305.29998779296875,135223735.0,True,39.02549148794452,SCI.NS,0.01102,,0.142,UNVERIFIED,True
Shipbuilding & Marine,India,IN,ADANIPORTS,ADANI PORT & SEZ LTD,Shipbuilding & Marine,India,1810.199951171875,42426004.0,True,34.158444057275794,ADANIPORTS.NS,0.33060002,0.15592,0.265,PROFITABLE,True
Shipbuilding & Marine,India,IN,JSWINFRA,JSW INFRASTRUCTURE LTD,Shipbuilding & Marine,India,322.1499938964844,11158325.0,True,6.902268913783871,JSWINFRA.NS,0.28381002,0.13948,0.184,PROFITABLE,True
Shipbuilding & Marine,India,IN,SHREEJISPG,SHREEJI SHIPPING GLOBAL L,Shipbuilding & Marine,India,491.2999877929687,5765174.0,True,,SHREEJISPG.NS,0.21525,0.2987,0.205,PROFITABLE,True
Shipbuilding & Marine,India,IN,NAVKARCORP,NAVKAR CORPORATION LTD.,Shipbuilding & Marine,India,107.41999816894533,625495.0,True,-1.494731625123258,NAVKARCORP.NS,0.053790003,,0.383,UNVERIFIED,True
Specialty Steel & Metals,Foreign,US,FCX,FREEPORT-MCMORAN INC,Metals & Mining,United States,62.45000076293945,984074746.0,True,,FCX,0.10344,0.15630999,0.088,PROFITABLE,False
Specialty Steel & Metals,Foreign,US,NUE,NUCOR CORP,Steel,United States,239.77999877929688,399163171.0,True,,NUE,0.06824,0.12285,0.213,PROFITABLE,True
Specialty Steel & Metals,Foreign,US,USAR,"USA Rare Earth, Inc.",Metals & Mining,United States,20.469999313354492,363506398.0,True,,USAR,0.0,-0.44776002,,NOT-PROFITABLE,False
Specialty Steel & Metals,Foreign,US,STLD,STEEL DYNAMICS INC,Steel,United States,245.4900054931641,299444377.0,True,,STLD,0.07216,0.15247,0.191,PROFITABLE,True
Specialty Steel & Metals,Foreign,US,SCCO,SOUTHERN COPPER CORP/,Metals & Mining,United States,171.25999450683594,284397883.0,True,,SCCO,0.34131,0.46343,0.362,PROFITABLE,True
Specialty Steel & Metals,Foreign,US,CENX,CENTURY ALUMINUM CO,Metals & Mining,United States,46.33000183105469,135667152.0,True,,CENX,0.13676,0.32259998,0.024,PROFITABLE,False
Specialty Steel & Metals,Foreign,US,RS,"RELIANCE, INC.",Steel,United States,385.7799987792969,131723845.0,True,,RS,0.054229997,0.11326,0.155,PROFITABLE,True
Specialty Steel & Metals,Foreign,US,MTRN,MATERION Corp,Metals & Mining,United States,287.0199890136719,96285603.0,True,,MTRN,0.039920002,0.08293,0.308,PROFITABLE,True
Specialty Steel & Metals,India,IN,SAIL,"SailPoint, Inc.",Steel,India,173.49000549316406,89040454.0,True,36.09193671528721,SAIL.NS,0.030439999,0.056560002,0.051,PROFITABLE,True
Specialty Steel & Metals,India,IN,NATIONALUM,NATIONAL ALUMINIUM CO LTD,Metals & Mining,India,339.6000061035156,46091314.0,True,84.57524646148948,NATIONALUM.NS,0.32489,0.2942,-0.048,PROFITABLE,True
Specialty Steel & Metals,India,IN,JINDALSTEL,JINDAL STEEL LIMITED,Steel,India,1060.0999755859375,14126899.0,False,17.913351869157125,JINDALSTEL.NS,0.06327,0.067719996,0.23,PROFITABLE,True
Specialty Steel & Metals,India,IN,AEROFLEX,AEROFLEX INDUSTRIES LTD,Steel,India,471.6000061035156,9574389.0,True,130.6450840162488,AEROFLEX.NS,0.12564999,0.14062999,0.372,PROFITABLE,True
Specialty Steel & Metals,India,IN,JINDALSAW,JINDAL SAW LIMITED,Steel,India,261.489990234375,5988760.0,True,9.17250566550698,JINDALSAW.NS,0.03578,,0.09,UNVERIFIED,True
Specialty Steel & Metals,India,IN,MIDHANI,MISHRA DHATU NIGAM LTD,Steel,India,418.4500122070313,5393041.0,True,-5.605679284959287,MIDHANI.NS,0.10877,0.08922,0.346,PROFITABLE,True
Specialty Steel & Metals,India,IN,SHYAMMETL,SHYAM METALICS AND ENGY L,Steel,India,950.0,5358535.0,True,14.963396631843096,SHYAMMETL.NS,0.057690002,0.08971,0.266,PROFITABLE,True
Specialty Steel & Metals,India,IN,JSL,JINDAL STAINLESS LIMITED,Steel,India,692.6500244140625,4758179.0,False,3.3497481047637168,JSL.NS,0.07434,0.17407,0.112,PROFITABLE,True
Textiles & Apparel,Foreign,US,TPR,"TAPESTRY, INC.",Apparel,United States,146.0,418743212.0,True,,TPR,0.08442,0.60914004,0.212,PROFITABLE,True
Textiles & Apparel,Foreign,US,RL,RALPH LAUREN CORP,Apparel,United States,411.1600036621094,253648183.0,True,,RL,0.11598,0.34664002,0.166,PROFITABLE,True
Textiles & Apparel,Foreign,US,DECK,DECKERS OUTDOOR CORP,Shoe,United States,104.55999755859376,195070084.0,True,,DECK,0.18714,0.40859002,0.096,PROFITABLE,False
Textiles & Apparel,Foreign,US,CROX,"Crocs, Inc.",Shoe,United States,127.76000213623048,152013561.0,True,,CROX,-0.02578,-0.061079998,-0.017,NOT-PROFITABLE,False
Textiles & Apparel,Foreign,US,VFC,V F CORP,Apparel,United States,17.3700008392334,110855041.0,True,,VFC,0.05546,0.22092,0.01,PROFITABLE,False
Textiles & Apparel,Foreign,US,KTB,"Kontoor Brands, Inc.",Apparel,United States,83.29000091552734,56891691.0,True,,KTB,0.08287,0.53224,0.45,PROFITABLE,True
Textiles & Apparel,Foreign,US,LEVI,LEVI STRAUSS & CO,Apparel,United States,24.540000915527344,48172676.0,True,,LEVI,0.09665,0.25403,0.08,PROFITABLE,False
Textiles & Apparel,Foreign,US,SHOO,"STEVEN MADDEN, LTD.",Shoe,United States,43.220001220703125,41817471.0,True,,SHOO,0.02888,0.0858,0.18,PROFITABLE,True
Textiles & Apparel,India,IN,PAGEIND,PAGE INDUSTRIES LTD,Apparel,India,41370.0,8912940.0,True,-7.913188647746239,PAGEIND.NS,0.14558,0.525,0.141,PROFITABLE,True
Textiles & Apparel,India,IN,GOKEX,GOKALDAS EXPORTS LTD.,Apparel,India,873.25,4980288.0,True,0.6512245934823468,GOKEX.NS,0.025109999,0.047220003,0.053,PROFITABLE,True
Textiles & Apparel,India,IN,KPRMILL,KPR MILL LTD.,Apparel,India,1177.300048828125,3970537.0,True,7.398294222650836,KPRMILL.NS,0.13029,0.16197,0.009,PROFITABLE,True
Textiles & Apparel,India,IN,SHANTIGOLD,SHANTI GOLD INTERNATION L,Apparel,India,223.69000244140625,2853792.0,True,,SHANTIGOLD.NS,0.06943,0.37335998,1.216,PROFITABLE,True
Textiles & Apparel,India,IN,PGIL,PEARL GLOBAL IND LIMITED,Apparel,India,2015.5999755859375,1278948.0,True,35.356927582570854,PGIL.NS,0.05526,0.20896,0.069,PROFITABLE,True
Textiles & Apparel,India,IN,SPORTKING,SPORTKING INDIA LIMITED,Apparel,India,174.25999450683594,752093.0,True,62.95117872501934,SPORTKING.NS,0.04797,0.11286,0.013,PROFITABLE,True
Textiles & Apparel,India,IN,NITINSPIN,NITIN SPINNERS LIMITED,Apparel,India,572.0,733239.0,True,54.44849212183398,NITINSPIN.NS,0.05524,0.12764,0.022,PROFITABLE,True
Textiles & Apparel,India,IN,LUXIND,LUX INDUSTRIES LIMITED,Apparel,India,1225.4000244140625,566618.0,True,-13.380924103447157,LUXIND.NS,0.035439998,0.06,0.068,PROFITABLE,False
White Goods & Electricals,Foreign,US,BE,Bloom Energy Corp,Electrical Equipment,United States,252.02000427246097,3378835742.0,True,,BE,0.00246,0.01286,1.304,PROFITABLE,True
White Goods & Electricals,Foreign,US,GEV,GE Vernova Inc.,Electrical Equipment,United States,1045.1700439453125,3236395868.0,True,,GEV,0.23809999,0.75708,0.163,PROFITABLE,True
White Goods & Electricals,Foreign,US,DIA,SPDR DOW JONES INDUSTRIAL AVERAGE ETF TRUST,Electrical Equipment,United States,517.75,2752431167.0,True,,DIA,,,,UNVERIFIED,False
White Goods & Electricals,Foreign,US,VRT,Vertiv Holdings Co,Electrical Equipment,United States,303.95001220703125,1965392564.0,True,,VRT,0.14372,0.45097,0.301,PROFITABLE,True
White Goods & Electricals,Foreign,US,PG,PROCTER & GAMBLE Co,Household Products,United States,149.02000427246094,1310636697.0,True,,PG,0.19162,0.31112,0.074,PROFITABLE,False
White Goods & Electricals,Foreign,US,CL,COLGATE PALMOLIVE CO,Household Products,United States,92.06999969482422,509706691.0,True,,CL,0.10041001,3.6357698,0.084,PROFITABLE,False
White Goods & Electricals,Foreign,US,KMB,KIMBERLY CLARK CORP,Household Products,United States,109.37000274658205,447093742.0,True,,KMB,0.12798999,1.11727,0.027,PROFITABLE,False
White Goods & Electricals,Foreign,US,EMR,EMERSON ELECTRIC CO,Electrical Equipment,United States,143.49000549316406,408213453.0,True,,EMR,0.13354,0.12328,0.029,PROFITABLE,False
White Goods & Electricals,India,IN,POWERINDIA,HITACHI ENERGY INDIA LTD,Electrical Equipment,India,34920.0,59182162.0,True,86.89788053949903,POWERINDIA.NS,0.12124,0.21040002,0.462,PROFITABLE,True
White Goods & Electricals,India,IN,SUZLON,SUZLON ENERGY LIMITED,Electrical Equipment,India,58.900001525878906,47545903.0,True,-6.848012095057932,SUZLON.NS,0.18966,0.40636003,0.449,PROFITABLE,True
White Goods & Electricals,India,IN,CGPOWER,CG POWER AND IND SOL LTD,Electrical Equipment,India,952.1500244140624,34084337.0,True,38.34362868348165,CGPOWER.NS,0.09714,0.19561,0.25,PROFITABLE,True
White Goods & Electricals,India,IN,AMBER,AMBER ENTERPRISES (I) LTD,Furn/Home Furnishings,India,7530.0,27534372.0,True,15.508513575701798,AMBER.NS,0.014579999,0.05583,0.105,PROFITABLE,True
White Goods & Electricals,India,IN,POLYCAB,POLYCAB INDIA LIMITED,Electrical Equipment,India,9961.0,26467034.0,True,66.00283309724189,POLYCAB.NS,0.09184,,0.39,UNVERIFIED,True
White Goods & Electricals,India,IN,RRKABEL,R R KABEL LIMITED,Electrical Equipment,India,2395.199951171875,17352061.0,True,81.78506341476883,RRKABEL.NS,0.050630003,0.20826,0.336,PROFITABLE,True
White Goods & Electricals,India,IN,ENRIN,SIEMENS ENERGY INDIA LTD,Electrical Equipment,India,3683.300048828125,16326591.0,True,,ENRIN.NS,0.14994,,0.274,UNVERIFIED,True
White Goods & Electricals,India,IN,SFL,SFL Corp Ltd.,Furn/Home Furnishings,India,746.9000244140625,15928694.0,True,0.6603806487954778,SFL.NS,0.04177,0.05119,0.236,PROFITABLE,True
